{"meta": {"version": "7.3.0", "timestamp": "2023-08-26T14:18:41.373258", "branch_coverage": false, "show_contexts": false}, "files": {"monad_std\\__init__.py": {"executed_lines": [1, 2, 3], "summary": {"covered_lines": 3, "num_statements": 3, "percent_covered": 100.0, "percent_covered_display": "100", "missing_lines": 0, "excluded_lines": 0}, "missing_lines": [], "excluded_lines": []}, "monad_std\\error.py": {"executed_lines": [1, 3, 6, 7, 8, 10, 11, 12, 13, 15, 16, 17, 18, 19], "summary": {"covered_lines": 14, "num_statements": 15, "percent_covered": 93.33333333333333, "percent_covered_display": "93", "missing_lines": 1, "excluded_lines": 0}, "missing_lines": [21], "excluded_lines": []}, "monad_std\\option.py": {"executed_lines": [1, 3, 5, 6, 7, 8, 9, 12, 13, 14, 16, 17, 19, 25, 31, 32, 33, 34, 35, 36, 44, 47, 50, 53, 54, 63, 65, 66, 72, 74, 88, 90, 104, 106, 125, 127, 165, 166, 168, 170, 190, 191, 193, 195, 214, 215, 217, 219, 232, 233, 235, 237, 239, 241, 256, 257, 258, 260, 279, 280, 282, 284, 300, 301, 303, 305, 320, 321, 323, 325, 341, 342, 344, 346, 359, 360, 362, 364, 373, 374, 375, 376, 378, 398, 399, 400, 401, 403, 405, 431, 432, 434, 436, 440, 460, 461, 462, 464, 466, 468, 481, 482, 484, 486, 500, 501, 502, 503, 505, 507, 529, 530, 532, 534, 546, 547, 549, 551, 566, 567, 569, 571, 572, 586, 587, 589, 591, 592, 608, 610, 611, 615, 616, 636, 637, 639, 642], "summary": {"covered_lines": 136, "num_statements": 152, "percent_covered": 89.47368421052632, "percent_covered_display": "89", "missing_lines": 16, "excluded_lines": 0}, "missing_lines": [20, 21, 23, 26, 27, 29, 38, 39, 40, 42, 45, 48, 51, 438, 609, 613], "excluded_lines": []}, "monad_std\\result.py": {"executed_lines": [1, 2, 4, 6, 7, 8, 9, 10, 11, 14, 15, 16, 17, 18, 20, 21, 22, 24, 27, 28, 31, 32, 35, 36, 39, 42, 43, 54, 55, 70, 71, 82, 83, 98, 99, 112, 113, 126, 127, 141, 142, 161, 162, 180, 181, 196, 197, 214, 215, 232, 233, 244, 245, 275, 276, 296, 297, 318, 319, 337, 338, 352, 353, 370, 371, 393, 394, 411, 412, 434, 435, 459, 460, 473, 476, 478, 479, 495, 496, 498, 501, 502, 504, 505, 507, 510, 513, 514, 516, 519, 520, 522, 523, 525, 526, 528, 529, 531, 532, 534, 535, 537, 538, 540, 541, 543, 544, 546, 547, 549, 550, 551, 553, 554, 556, 557, 559, 560, 562, 563, 565, 566, 568, 569, 571, 572, 574, 575, 577, 578, 579, 580, 581, 583, 584, 586, 587, 589, 590, 593, 594, 596, 597, 599, 602, 605, 606, 608, 611, 612, 614, 615, 617, 618, 620, 621, 623, 624, 626, 627, 629, 630, 632, 633, 635, 636, 638, 639, 641, 642, 644, 645, 646, 648, 649, 651, 652, 654, 655, 657, 658, 660, 661, 663, 664, 666, 667, 669, 670, 672, 673, 675, 676, 677, 679, 681, 682, 685], "summary": {"covered_lines": 197, "num_statements": 232, "percent_covered": 84.91379310344827, "percent_covered_display": "85", "missing_lines": 35, "excluded_lines": 0}, "missing_lines": [25, 29, 33, 37, 40, 52, 68, 80, 96, 110, 124, 139, 159, 178, 194, 212, 230, 242, 273, 294, 316, 335, 350, 368, 391, 409, 432, 457, 474, 508, 511, 517, 600, 603, 609], "excluded_lines": []}}, "totals": {"covered_lines": 350, "num_statements": 402, "percent_covered": 87.06467661691542, "percent_covered_display": "87", "missing_lines": 52, "excluded_lines": 0}}